2,2,App\Models\Design,1,2020-09-29 11:09:44,2020-09-29 11:09:44
3,3,App\Models\Design,1,2020-09-29 11:09:44,2020-09-29 11:09:44
4,4,App\Models\Design,1,2020-09-29 11:09:44,2020-09-29 11:09:44
5,5,App\Models\Design,1,2020-09-29 11:09:44,2020-09-29 11:09:44
6,6,App\Models\Design,1,2020-09-29 11:09:44,2020-09-29 11:09:44
7,7,App\Models\Design,1,2020-09-29 11:09:44,2020-09-29 11:09:44
8,8,App\Models\Design,1,2020-09-29 11:09:44,2020-09-29 11:09:44
9,9,App\Models\Design,1,2020-09-29 11:09:44,2020-09-29 11:09:44
10,10,App\Models\Design,1,2020-09-29 11:09:44,2020-09-29 11:09:44
11,11,App\Models\Design,1,2020-09-29 11:09:44,2020-09-29 11:09:44
12,12,App\Models\Design,1,2020-09-29 11:09:44,2020-09-29 11:09:44
13,13,App\Models\Design,1,2020-09-29 11:09:44,2020-09-29 11:09:44
14,14,App\Models\Design,1,2020-09-29 11:09:44,2020-09-29 11:09:44
15,15,App\Models\Design,1,2020-09-29 11:09:44,2020-09-29 11:09:44
16,16,App\Models\Design,1,2020-09-29 11:09:44,2020-09-29 11:09:44
17,17,App\Models\Design,1,2020-09-29 11:09:44,2020-09-29 11:09:44
18,18,App\Models\Design,1,2020-09-29 11:09:44,2020-09-29 11:09:44
19,19,App\Models\Design,1,2020-09-29 11:09:44,2020-09-29 11:09:44
20,20,App\Models\Design,1,2020-09-29 11:09:44,2020-09-29 11:09:44
